"Id","Title","Content","Summary","FeaturedImageUrl","AuthorId","IsPublished","CreatedAt","UpdatedAt","PublishedAt","IsDeleted","DeletedAt","DeletedBy","MetaDescription","Slug","ViewCount","LikeCount","EstimatedReadTime"
4,"Healthy Eating Habits for Busy Professionals","Eating healthy doesn't have to be complicated. Plan your meals ahead, carry healthy snacks, and drink plenty of water. Limit processed foods and sugary drinks. Cooking in batches can save time and ensure you have nutritious meals ready throughout the week. Incorporating these habits will boost energy and improve focus.","Simple strategies to maintain a balanced diet while juggling work and life.","https://picsum.photos/id/1035/800/400","37638c2a-3bb5-41da-8fe6-7e2d09cf8d76",false,"2025-09-11 15:27:35.611915+06",NULL,NULL,false,NULL,NULL,"Tips and tricks for maintaining healthy eating habits even with a busy lifestyle.","healthy-eating-habits-for-busy-professionals",0,0,1
2,"10 Tips for Effective Remote Work","Remote work can be challenging if you don't establish a routine. Start your day by setting clear goals, minimize distractions, and use tools like Trello or Notion to organize tasks. Take short breaks, communicate regularly with your team, and don't forget to unplug after work hours. Following these strategies can boost productivity and reduce burnout.","Maximize your productivity while working from home with these practical tips.","https://picsum.photos/id/1015/800/400","37638c2a-3bb5-41da-8fe6-7e2d09cf8d76",true,"2025-09-11 14:37:03.874939+06","2025-09-11 15:29:22.476511+06","2025-09-11 14:37:03.874998+06",false,NULL,NULL,"Learn 10 actionable tips to work effectively from home and stay productive.","10-tips-for-effective-remote-work",0,0,1
5,"Healthy Eating Habits for Busy Professionals","Eating healthy doesn't have to be complicated. Plan your meals ahead, carry healthy snacks, and drink plenty of water. Limit processed foods and sugary drinks. Cooking in batches can save time and ensure you have nutritious meals ready throughout the week. Incorporating these habits will boost energy and improve focus.","Healthy Eating Habits for Busy Professionals","https://picsum.photos/id/1035/800/400","37638c2a-3bb5-41da-8fe6-7e2d09cf8d76",true,"2025-09-11 15:28:48.112829+06",NULL,"2025-09-11 15:28:48.112829+06",false,NULL,NULL,"Tips and tricks for maintaining healthy eating habits even with a busy lifestyle.","healthy-eating-habits-for-busy-professionals-1",48,2,1
3,"The Future of Artificial Intelligence in 2025","AI technology is evolving rapidly. In 2025, we expect more advanced natural language models, AI-powered automation in industries, and smarter personal assistants. Ethical AI and privacy considerations will also become crucial. Companies investing in AI now are likely to lead innovation in the next decade.","Exploring upcoming AI trends and their potential impact on industries.","https://picsum.photos/id/1020/800/400","37638c2a-3bb5-41da-8fe6-7e2d09cf8d76",true,"2025-09-11 15:25:27.541963+06","2025-09-11 15:25:38.083132+06","2025-09-11 15:25:27.542061+06",false,NULL,NULL,"Discover the AI trends that will shape industries and technology in 2025.","the-future-of-artificial-intelligence-in-2025",16,1,1
6,"Mastering Time Management: Strategies That Work","Time management is about prioritization and focus. It is the deliberate act of organizing how we use our limited hours to achieve the greatest impact. While time is fixed, the way we allocate it determines whether we feel productive or overwhelmed. Mastering this skill helps reduce stress, create balance, and move closer to personal and professional goals.

Prioritization and Organization

Not all tasks are equal. Many people waste energy on urgent but trivial matters while ignoring important ones. Frameworks like the Eisenhower Matrix help distinguish between urgent and important, guiding us to spend more time on high-value activities.

Writing tasks down also matters. A simple list externalizes responsibilities and provides a roadmap. Breaking large goals into smaller steps makes them less overwhelming. Instead of vaguely aiming to “finish a project,” one can schedule steps like outlining, researching, and drafting. Each small victory fuels momentum.

Maintaining Focus

Planning is useless without focus. In today’s distraction-filled world, concentration is fragile. Techniques such as the Pomodoro method—25 minutes of work followed by short breaks—train the mind to stay engaged. Knowing that rest is built in makes it easier to resist diversions. Over time, these focused intervals build substantial progress.

The Myth of Multitasking

Many assume multitasking saves time, but research shows it reduces efficiency and increases errors. Constantly switching attention drains mental energy. A better approach is single-tasking: give one task full focus until completion or a natural pause. For example, writing a report while juggling emails leads to scattered results, while concentrated effort produces better outcomes faster.

Delegation and Collaboration

Delegation is another pillar of time management. Attempting to do everything alone causes burnout. Delegating allows us to focus on work that truly requires our attention. In professional settings, leaders can delegate routine tasks to team members so they can concentrate on strategy. Even in daily life, outsourcing chores like delivery or cleaning can free hours for rest or meaningful work.

The Value of Breaks

Working endlessly may look productive but often backfires. Just as athletes need recovery, the brain benefits from pauses. Breaks prevent fatigue, restore creativity, and support long-term performance. Short activities like stretching, walking, or deep breathing refresh the mind. Longer breaks, such as weekends away, help maintain perspective and prevent chronic stress.

Psychological Benefits

Good time management is not just external—it improves mental well-being. Poor management creates missed deadlines, constant rush, and anxiety. Effective systems provide structure, reduce overwhelm, and boost confidence. Progress becomes visible, which increases motivation. Importantly, managed time allows for balance: exercise, hobbies, family, or rest. true productivity is not about doing more but about doing what matters.

Tools and Habits

Modern tools—from calendars to project apps—can support productivity. Yet tools are only as effective as the habits that drive them. Consistently reviewing goals, updating lists, and reflecting on progress matters more than using the latest app. Over time, these small routines form strong habits that support consistent growth.

Building a Personal System

There is no universal formula. Some thrive with strict schedules, others with flexibility. Experimentation helps build a personal system: time blocking may suit professionals, Pomodoro can aid students, while parents may rely on prioritization and delegation. The best system is the one that feels natural and sustainable.

Conclusion

Time management is about making conscious choices. It is less about cramming more into a day and more about focusing on the right activities. Through prioritization, focus, delegation, and respect for rest, we can achieve more with less stress. Ultimately, it transforms life from a race against the clock into a purposeful journey where each moment is used wisely.","Effective techniques to manage time efficiently and achieve more each day.","https://picsum.photos/id/1060/800/400","79da3734-c498-48ac-a373-7945ad4bdd99",true,"2025-09-11 17:24:44.725318+06","2025-09-12 16:55:19.7213+06","2025-09-11 17:24:44.725389+06",false,NULL,NULL,"Practical tips and techniques to improve time management and productivity.","mastering-time-management-strategies-that-work",33,1,3

